Date,T_BILL_3_MO,SP_CONSUM_DIS,SP_HEALTH,SP_TELE_COMM,SP_FINANCE,SP_UTIL,SP_500,SP_CONSUM_STAPLE,SP_MATERIALS,SP_INFO_TECH,SP_ENEGY
19940131,0.03009999990463257,0.003168554019753681,0.015970888133279026,-0.005991349789637849,0.010186774809007867,-0.015100930663915178,0.007266691088927558,-0.0021308006279741106,0.02103206521688082,0.044811354335785376,0.01886423369984568
19940228,0.0325,-0.009024921901986107,-0.0114917107696259,-0.003231451223436238,-0.0025140062255574343,-0.012395980388435118,0.0007875420257342544,0.0016238377397896659,-0.010451967598147326,0.011206658058736068,0.007030682025093896
19940331,0.03490000009536743,-0.0004374818244427431,0.0030764939091685894,-0.008575454241587274,0.008990721995608821,-0.016740101549593888,0.003657985632297125,-0.005757101817861171,-0.001186074126314783,0.008173761667884855,-0.0002962257360648279
19940430,0.035499999523162844,0.02382762695547603,0.009356499272077205,-0.010181953058560502,0.04301723780653531,0.0054955619756630264,0.003231168221454379,0.008791923121350928,0.022705850956101163,0.030256743040945545,0.025856622874230465
19940531,0.04110000133514404,-0.00028978729008570026,0.012470345484730246,0.016704103141481554,0.008932004232071638,-0.012477209718879494,-0.008217570933843872,0.006278573759567988,0.009168547849966268,-0.004784540477673874,0.001081618619984273
19940630,0.04110000133514404,0.004295503427510521,0.006523228573366916,0.008790395499684129,0.0041900795968208065,-0.004724367467990897,-0.0031729977171342273,-0.015893944144270564,0.0004963802795606463,-0.01923148815958158,0.016149779535216954
19940731,0.04369999885559082,0.011517638839732428,-0.002213102101207275,0.001309506920333738,0.0003713760641291309,0.012599832953622082,0.007507789095225648,0.0078063406060737885,0.010379610331785897,0.012723794155452321,0.012774515445869597
19940831,0.043600001335144044,0.004727427463155325,0.03743188844468707,0.0048331092613304785,0.013927339621215543,-0.006345812007637588,0.010632747028779048,0.0223372190805723,-0.0032755679892959156,0.01774195652373186,0.000293645049153433
19940930,0.04570000171661377,-0.005318649851291942,-0.001573167575032716,-0.019591750922592344,-0.016468306739480392,-0.017440693295486007,-0.005987276696855096,-0.011032526725511256,-0.007783509563960866,0.006799117378566576,0.002061239596918138
19941031,0.04869999885559082,-0.020119128536707602,-0.02070226199080431,-0.01740192377580904,-0.011699855984294454,-0.009233928299641422,-0.01640406383937764,-0.013187706691669323,-0.033256336943381926,-0.006060314414776339,0.008660630250970962
19941130,0.052300000190734865,0.00029344398231246244,0.02650505370987357,-0.006539721900580584,-0.009361138727967473,-0.01332659923427224,8.654051422888442e-05,0.005457311088243916,-0.011624422764111783,0.010734668282757874,-0.017706839458859994
19941231,0.056500000953674315,-0.03409433148188347,-0.015471724024067811,0.009026363117865867,-0.0225639182667625,0.0021886313972365227,-0.013986314821579544,-0.011250765955301308,-0.007562371664461548,-0.022035413253577597,0.0030145002198280705
19950131,0.05559999942779541,0.006840436137839792,0.0042531460146360755,0.003938194430534219,0.02072692089487249,0.004763752653459597,0.011504955040448194,0.010825651192467308,0.015419642346767714,0.03294321600332963,-0.005981442415753411
19950228,0.058000001907348636,0.010463106164331923,-0.01285152997500233,0.004994805166791894,-0.011416164762843488,-0.015381690576299886,0.005891644493433977,-0.002691778391972662,0.0083517996980639,0.02192647543298193,-0.004567553097508183
19950331,0.05760000228881836,0.010364197180981524,-0.006655585308485871,0.024231850774157643,-0.0025412849747806893,0.001453503200723314,0.00854928470538266,0.009721627544685786,0.010497931283729962,0.004140480355194491,0.011754749323370112
19950430,0.056700000762939455,-0.005303802813341863,0.004038382365698385,0.01851501108229728,0.030157005694136707,0.029932632961289597,0.01142400855052905,0.0136280237359881,0.009121330093728501,0.0016365714032084188,-0.0019200793563042954
19950531,0.05690000057220459,0.03326443315576339,-0.02476243706364973,-0.002654956574337003,0.007336431056286043,0.0033336477217612956,0.01049810735751198,-0.016390526577363493,0.01584408913317031,0.011771783237315746,-0.017887872831875384
19950630,0.05590000152587891,-0.007306490656090763,-0.0037475719928645895,-0.01490016260455563,-0.04293370468582089,-0.036895213464381175,-0.008582012056881633,-0.0134099036506561,-0.00169569331754935,-0.00585573226620535,-0.009236078626822238
19950731,0.053600001335144046,0.01977674313429914,-0.035567262698724025,0.014995516782945443,0.023992261265514216,-0.0012485453765956462,0.021330876763997246,-0.01338417441939372,0.05653915639298996,0.0449913494201108,0.008747950067880511
19950831,0.05420000076293945,-0.012536485453805183,-0.00703553621626198,-0.008941131277079569,-0.00932833452997319,-0.01049608106335977,-0.006852286601629038,-0.011290899594198241,-0.020105910085256556,0.024315685974519254,-0.020550927026491646
19950930,0.053499999046325686,0.0074086888075969,0.010625615188369393,-0.0025176488967598764,0.006602664304843543,-0.0016207483264243322,0.015642194078942382,0.0012755231957925187,0.01769764656015379,0.015834248450060165,-0.0026161631390391473
19951031,0.05289999961853027,0.011368651640518156,0.0028718688971142614,-0.004733342253152286,0.022942380702077193,-0.0001701332892448898,0.003450719839522457,-0.0016372326841705344,0.011442092867772109,0.03224581478711113,-0.0013952737007906705
19951130,0.05409999847412109,0.010770735912949327,0.009559221477339968,-0.011065025727369032,0.01472242086722853,-0.005240428788619015,0.00364048859956062,0.007894040404553333,0.008159628992863082,0.005383151020479042,0.004453711442858994
19951231,0.053499999046325686,-0.002614312558621454,0.024069524603150108,-0.017177492280223045,-0.005059493134296993,0.0023308616922776085,0.017298758341076106,0.021311108153094678,-0.007608090105056143,0.016810081297911922,0.019662898508063843
19960131,0.050199999809265136,-0.026643181281731834,-0.030285221971058606,-0.025134225995295943,-0.01938120397394685,-0.01203487122512609,-0.024160503126578244,-0.017686823543026642,-0.02409239394954864,-0.03064320347292797,-0.049872978471636006
19960229,0.047899999618530274,0.022734778431136325,0.020217591294172825,0.02949743282727385,0.03601695434128532,0.015283973901736548,0.032287945701136814,0.040227905148018946,-0.0014974370753826649,0.007192927154196549,0.01704407776768726
19960331,0.049099998474121095,-0.019315649786961604,-0.025524715260182518,-0.029256720093390542,-0.04907460148446161,-0.03372315930767826,-0.016869182611786018,-0.029321808669387762,-0.00599370755472496,-0.017784366445057924,-0.010897009318295762
19960430,0.04929999828338623,0.0026986584097953214,-0.027237565760966944,0.013655670367040823,-0.020564255669572883,-0.007870020475469402,-0.029198249331587503,-0.016673766559439803,-0.0018876472016874533,-0.02003931702535297,-0.007980364779283008
19960531,0.04989999771118164,0.004489525660607876,0.02321871831448597,0.02986334679635115,0.04317682203358243,0.030680643486578205,0.016302264378310474,0.025059904075893386,-0.01081001703197381,0.0030679257671906747,0.017082209646654262
19960630,0.05119999885559082,0.007071586825510733,0.01831437947916179,0.008086029355447966,0.008933571683080664,0.00404622243991297,0.006261959696290987,0.019531312221984145,-0.01799043667730137,-0.005113361180825031,0.008962349182274216
19960731,0.05139999866485596,-0.022921949140839903,-0.016342855357590183,0.007852665246214368,0.003143985981300176,0.015801153281132477,-0.01711182763175815,-0.0007354948659213979,-0.0019550789262590693,-0.06803092162310273,0.024713854595763335
19960831,0.05010000228881836,0.01033284091502667,0.008292181305419638,-0.013916221703638548,0.009569875916751895,-0.0049945766073346215,-0.0005887102510024658,-0.018642856020333647,0.0030566059712899846,0.038296124882769796,-0.013689430010850644
19960930,0.05059999942779541,0.020432268004052064,0.02218247637685552,0.03451461662036792,0.030855328360260108,0.01824783291877734,0.037914814588303584,0.02457015866889402,0.01746338523732993,0.04716645516845456,0.008494250924096112
19961031,0.05,0.0007609074038508209,-0.004562595415779443,-0.030122404424733525,-0.007636571476628705,-0.0042658266279885365,-0.001140548004254171,-0.008352266018132702,0.0028011990781653413,0.012160371488293777,-0.006993453258837646
19961130,0.050300002098083496,0.025968145921254248,0.061043958917487345,0.02008131073742378,0.03129662611215226,0.016858868760095676,0.038435834210422244,0.036805595416966465,0.008057753964298262,0.06169528434423565,0.018117455605883882
19961231,0.047899999618530274,-0.03427018435845959,-0.02982784043874172,-0.014180033016522766,-0.03576269650989204,-0.02021328061040983,-0.01481876865776953,-0.02180575993388683,-0.0316818418943063,-0.036256302114976505,-0.0205307677453688
19970131,0.050199999809265136,0.014866940769029372,0.01893479685012354,-0.01902189252866694,0.009795006091822383,0.018036072144288578,0.015333569848668262,0.006573885521040862,0.027038993614006572,0.021372265380442262,0.04657112613996776
19970228,0.04989999771118164,0.009444527938303299,0.017877401446906024,0.007964897985215533,0.02262991588126934,-0.005892172030793134,0.00432485057775566,0.003072127886432266,0.014085527131786417,-0.024748384417529672,-0.013647425841258769
19970331,0.05079999923706055,0.00922322229828283,0.014348574582585495,-0.01823230177213209,0.03600906716992324,-0.0057138183829601105,0.017892773637307683,0.007226509462375148,0.003970595887981182,-0.012085157067425495,0.03300801103901269
19970430,0.05150000095367432,-0.022461074250469924,-0.05288514283547943,-0.04043253722648363,-0.035659473568849576,-0.01251810624953506,-0.026718563593734423,-0.020300280403891972,-0.020653963685688732,-0.04721951782463787,-0.029736607031293258
19970531,0.050399999618530276,-0.00334865173574851,-0.013775377223069893,-0.029477251798659017,-0.005867242876471657,-0.0039203148265478,0.014527053912625659,-0.010577374030195562,0.0042495278302410846,-0.006323698161575713,0.011204376539021269
19970630,0.04840000152587891,0.023905232434460466,0.043499385815230246,0.05122099137815978,0.045539028065677764,0.022333993700813543,0.041095103045775266,0.04380654324829301,0.035787823805115145,0.012013270759356078,0.02803689739106288
19970731,0.04989999771118164,0.003175568533272417,-0.0005691957465723404,-0.03142477574303548,-0.004390999010372826,0.0035618536542711444,-0.00026173519919732766,0.0010532421273474779,0.027030632261958655,0.041933573818932125,-0.010891859157416379
19970831,0.05139999866485596,-0.014822062262624062,-0.022644482844790145,-0.00047317513720995845,-0.034640040950841736,-0.01440278176944403,-0.01435905611710625,-0.033277924091850306,-0.0038922827161549435,-0.002166167427691056,-0.02048623938806228
19970930,0.04960000038146973,0.0018324340642968118,0.0,0.018509716167894177,-0.015868234301691663,0.012544349805843196,-0.0055325490726801565,-0.013437846378033807,-0.007367668979037778,-0.02475655795492605,0.0012964787513668854
19971031,0.04989999771118164,-0.002741634631212582,0.0024983641923422327,-0.008508324056794686,-0.018978881149696376,-0.013397642515833535,0.002020611911212486,-0.005137140532163034,-0.002255386398024912,0.008949322929650649,-0.01630141221065068
19971130,0.05150000095367432,-0.009042515815036692,-0.0010626333787619132,-0.010107836286415978,-0.006179513146103145,-0.014904814805095593,0.014093300733914025,-0.008446980306484277,-0.021103130493020424,-0.024785301321964392,-0.028536620282905958
19971231,0.05050000190734863,-0.011860426082167514,-0.013743960557657538,0.0047311078002934895,-0.028647850247815444,0.006653635210225761,-0.030900867113794996,-0.000554192446480265,-0.041591847754526005,-0.11091262442036824,-0.0293334475943932
19980131,0.049200000762939455,-0.039475959512153914,-0.045377397661452025,-0.014960520558183374,-0.07372613176316074,-0.01784371733174935,-0.048562086327715304,-0.03143310634021244,-0.07512324779306716,-0.06286934982188744,-0.07094354836436952
19980228,0.05079999923706055,0.028013188901376405,0.009054611892414435,0.0026066102643552093,0.004788700520623479,0.0062551700440752886,0.007536104850783497,0.00671900040617169,0.004229161605557613,0.005031909295689854,0.0044310587804771975
19980331,0.04960000038146973,0.009145765448335428,0.012947996105139766,0.023090428189225288,0.02321863772673347,0.005739303239004966,0.012238483515436485,-0.004940180035647381,0.003639752825996186,0.03945094162081062,0.020361892501971735
19980430,0.04929999828338623,0.0074931551874202005,-0.018999689065063625,-0.022308581504646846,-0.01276763844671167,-0.0053376323540494375,-0.010715157878118437,-0.010229866439934562,0.021660150793423975,-0.01030512310727172,-0.01991989823197376
19980531,0.04989999771118164,-0.006913237828444365,-0.00350588091239092,-0.032445252923143396,-0.025391655899094593,-0.006425125606808996,-0.01147188702191124,-0.012396379947887655,-0.020364873619516156,0.010585973371398548,-0.021036476353567993
19980630,0.04980000019073486,-0.01867303804194732,0.009723049028705322,0.00019401031459797708,-0.020642098327511665,0.01401387811845662,-0.013484656715187861,-0.020575094470655735,-0.05543115190753368,-0.0172274720330669,-0.02442617641415574
19980731,0.049200000762939455,0.006494068870662635,0.007188570764532933,0.00636090608995658,0.023663521845189047,-0.01483049332344686,0.01562246944648619,-0.008185901408301513,-0.05569468020205324,0.03760252751354564,-0.03339610957182794
19980831,0.04869999885559082,-0.008346925773509291,-0.025315649911465777,-0.03839681242465875,-0.04017204190618263,-0.011139575687799315,-0.02785841643765844,-0.02318496015786174,-0.0023406035792976,-0.001595159568846211,-0.022897368912623065
19980930,0.04730000019073486,-0.03853565985196389,-0.009243837617500597,0.0004897458619501017,-0.02229505599782458,0.016817383630391543,0.03611288993742501,-0.037026627182047106,-0.014438712025075498,-0.003256327339406018,0.03898160899376768
19981031,0.03809999942779541,0.003393039350836891,-0.02901371431382939,-0.03219109082117277,0.0003653190000442248,-0.027807635822843256,-0.018162738261446466,0.0234337849965418,0.027966967210233257,0.01302111496592961,-0.031296355521711776
19981130,0.043499999046325684,0.0020898984438756925,-0.008496159173141955,-0.02511675358400827,-0.011056598524672443,0.0020582662464036015,-0.01340044253042156,0.009294064331595192,-0.0145571002903046,0.0034725597319401097,0.004048582995951417
19981231,0.04389999866485596,-0.004860186871454765,-0.011921891649903772,0.002992575550260603,-0.047692608160985986,-0.01178650802924904,-0.008736024425266192,-0.03730858383312931,-0.04011248357387883,-0.0054842071296401515,0.019012437014191617
19990131,0.043600001335144044,0.042003803431617186,-0.0048518516177053364,0.06549100672950534,0.06364561285373231,-0.005935177173007394,0.03730789687872275,0.005901101141698586,0.06540840435524356,0.0591331877831084,0.017323500038411307
19990228,0.04420000076293945,-0.011116416537551353,0.0012354827012313605,-0.011854310667028712,0.014856878016342405,-0.03468966681693961,-0.007479441139782521,-0.002101158836994974,-0.02232747801315477,-0.028525925405264437,-0.0420931491363974
19990331,0.044699997901916505,0.008739482120973389,0.012846994313006264,-0.00041107483474697574,0.02660911127831231,0.012959682204412773,0.01499054901829423,0.017733958461246053,0.01687473002007463,-0.025647190720926222,0.05698020017399101
19990430,0.042600002288818356,0.038137122959088096,0.03296673336034244,0.038339032287854104,0.03515195532103167,0.00134100140177464,0.042227070865360136,-0.003861702931176622,0.00397300452433411,0.014330437294288637,0.014432342491656827
19990531,0.044699997901916505,-0.02081466505556423,0.0021126378807348346,0.03433101930493856,-0.02048740896723522,0.0003729799724362868,0.0073547730598351865,-0.011410115288048616,0.016295238740358244,-0.0251346257228636,-0.016529290257457686
19990630,0.045900001525878906,-0.036529502902664435,-0.04816674301563331,-0.008495086336847618,-0.034569555922480726,-0.015991928744061377,-0.025690066165740915,-0.03167670676234414,-0.01057739668326211,-0.03628320217707625,-0.006798951749361206
19990731,0.04559999942779541,0.0032260096977185597,-0.004967676246511354,0.009509844469160998,-0.0021546239877144077,-0.0010400918925201038,0.008668692836298796,0.009819443714689275,0.008661511880947213,0.040581004514901785,0.0060688070219651795
19990831,0.045999999046325686,0.044550214603305306,0.021911448122029973,-0.00377310581868882,0.038573254316550794,-0.013767189650989105,0.021064542391008016,-0.002157866041498089,0.021678488134056824,0.037305086556603514,0.003590786754414281
19990930,0.04619999885559082,0.0074432164418411825,-0.013550201026929868,-0.004557773811004074,-0.015505654990034156,0.0080135153918131,-0.004111252317082055,-0.010214272800384033,0.00797340164944975,0.015131657625237112,0.021008595981532974
19991031,0.04670000076293945,0.035055275557765844,0.058181312944218834,0.03780255917576759,0.03871564869662662,-0.029402253623999387,0.041479220232986135,0.04321386611144947,0.019427485869619527,0.005909500349851608,-0.030457322378711467
19991130,0.05079999923706055,0.019994167219116062,0.0026219530324238646,0.0006254704988005532,0.004174619169456907,-0.005029846028625123,0.018850907141999357,-0.013233154214372468,0.014680656698400942,0.030273176046518885,0.05179441364032163
19991231,0.05119999885559082,0.016151484692194122,-0.035473092790598904,0.0016437594053536413,0.003981463826796323,-0.031168052373413496,-0.011344456297841672,-0.0246234947137384,0.00066727287723625,-0.002384271844012554,-0.0240510479450076
20000131,0.052199997901916505,-0.003088727714806497,0.09172000422019665,-0.056070909132298764,0.011490880986417096,0.06947747307854729,-0.018907625861408883,0.0423542542047218,0.06187989943794596,-0.0874677270296501,0.06907737508943985
20000229,0.05480000019073486,-0.012730021727070301,-0.06915060618176097,-0.015388129793773292,-0.03755796732818086,-0.0007165229760959229,-0.026151912865122747,-0.018511680858771345,-0.051578102564023974,-0.008308812909506549,-0.05474725575100185
20000331,0.05679999828338623,-0.01459252657811702,0.04621460957261279,0.016366106743560285,-0.029605971045645933,-0.008614034461013872,-0.010005958980488519,-0.11140512361592203,-0.009054917329414661,0.02416092231698349,0.054257665780408575
20000430,0.05710000038146973,-0.001623029539571006,-0.00493172671622522,-0.0028881760117430125,-0.058133447424826075,-0.005539411377417656,0.011857905518790698,-0.00995747837320954,-0.035682049849048686,0.057941474947276236,-0.029047740860322455
20000531,0.059600000381469724,0.023273027706006977,-0.03305314631033833,-0.01465060295222662,0.017467383187290637,0.012294082118014613,-0.008145888265314599,0.03794549765856797,0.010271642452357553,-0.024872148733731208,0.03520373933047018
20000630,0.0575,-0.04487273565107735,0.01814011243543036,0.03025372300439188,-0.03910186829657508,0.04299942299253893,-0.013748465713203931,0.007515610348713877,-0.03176891698230691,0.0033038902147069006,0.01173044569326412
20000731,0.05849999904632568,0.04360912672721985,-0.0013493803983794929,0.0026622177933771918,0.04078680230703357,0.006445295120952899,0.016705657387582815,0.002415341125177904,-0.03623661580361725,-0.004778197799078044,-0.02292758440225924
20000831,0.060900001525878905,-0.007569538499283432,-0.03483505435568937,-0.06382063201889103,0.0028982077218113675,0.003955841621800803,0.006090456674106664,0.022920020544749523,0.033346985604729984,-0.009745260768743325,0.01633952810670822
20000930,0.059600000381469724,0.014748143300318345,-0.003472163182305324,-0.015357473460809668,0.02662273956961817,0.03266803009979315,-0.017274156640296776,0.0051092004588535345,-0.04247166513606096,-0.04109069668792268,0.005652366399511407
20001031,0.06,-0.06226641305335594,0.013471207598953842,-0.052809297729191504,-0.03876614894354727,-0.0036201128174286022,-0.024712699543926825,-0.007416550689380978,-0.07053905385462236,-0.00829527462327408,0.007857058303438762
20001130,0.06170000076293945,-0.08011081815859018,0.010053845997248808,-0.027598908896668647,-0.02805721864188615,0.010106032900098266,-0.04394022009838691,0.02858711000509766,-0.013897154409538271,-0.1229792075360224,0.007123957776596147
20001231,0.05900000095367432,0.02868087443899601,-0.013371362001555913,0.014804518699152504,0.06973904987372562,0.0017587363106208336,0.04159883719581157,-0.02245325629373396,-0.025013964054350458,0.08560631515253025,-0.022941048987695098
20010131,0.05130000114440918,0.034937684401918495,-0.0007044348685662735,0.08422687976635337,-0.017994646755803603,-0.039165920713737236,0.015558265199698046,-0.030108127735135888,-0.06884195246893539,0.07231296501701168,-0.0011600613209922126
20010228,0.049099998474121095,-0.033737121152319825,-0.0005568733816814,-0.04389399692184043,-0.021934295346021475,0.04557612959550386,-0.02572118067911863,0.018689141730593016,-0.021772800338989623,-0.09047689490473411,0.024962042829868365
20010331,0.045999999046325686,0.027232867152618384,-0.02707787421140701,-0.002804343293197188,0.0017375763415860821,0.00730208386224361,-0.0006158013681551567,0.01324356235375094,0.017038208010779154,-0.05020968851860976,0.028538950920871137
20010430,0.03900000095367431,0.013662510132206254,-0.010854267042780977,0.025519108797090358,0.042369143699392306,0.029454154333707235,0.0488022683443784,-0.007139735517749522,0.032232848978397094,0.15028076281141484,0.0011717764393068943
20010531,0.036800000667572025,0.011137544519939448,-0.013647992467592377,-0.03589443019472235,-0.020968094228809034,0.007715023706234643,-0.016532272481996794,-0.006529003603790109,0.010242341136733564,-0.04021256724468625,0.00041443000508647386
20010630,0.0352999997138977,0.0026206936040587487,-0.0014292345262291854,-0.011745495688546792,-0.015300354652861772,-0.03372684281257656,0.003402886435503813,-0.009741191602555758,-0.0015992975567690158,0.04119892108447845,-0.027326086326354235
20010731,0.03519999980926514,0.034860236992630876,-0.01748716514414344,0.03079435002493698,0.0018303908511867952,-0.021083883226452698,0.02107365979129348,-0.0006282249989308377,0.01645610912074756,0.0527563341455998,-0.012624241943427707
20010831,0.03349999904632568,-0.013045954225645005,0.008277997465329003,-0.006789236895574273,-0.005988183473887141,-0.014465714759198773,-0.019920074025264488,0.011380528774009604,-0.006025422916947598,-0.044329595305245315,-0.000768145003934149
20010930,0.03180000066757202,-0.08198533397307836,-0.023155023749171277,-0.038800627796066696,-0.05158593134776517,-0.017224438605062377,-0.042167230024228196,-0.007006613521403207,-0.04803873450457859,-0.055762717111746005,-0.0005907164746040796
20011031,0.02190000057220459,0.05193416983758865,0.005302195295448166,-0.016582571635815262,0.021475644742622705,0.00299789233596148,0.018929062218749883,-0.007420873605221232,0.06535776451355121,0.06206250952990787,0.038738803528578794
20011130,0.017999999523162842,0.026928806570931472,-0.006494349709633121,0.007512922005744744,0.014757728597211485,0.01392636428743618,0.03045447839303723,-0.006040877299039941,0.02154692812387584,0.03052869089458219,0.032466233315110005
20011231,0.01649999976158142,0.0317869149462131,-0.007756220377111388,-0.0020401821202694777,0.03485178931194113,0.026648663782475077,0.016551940172956428,-0.01143336381198606,0.014792280615632541,0.06794757731927276,0.008073246995057381
20020131,0.01590000033378601,-0.02453084790806921,0.004227538821085849,-0.044524364832689844,-0.01896522006443164,-0.01678080101535745,-0.022950792705869173,-0.003939225638725786,-0.05107797349329119,-0.0330915707703871,-0.03252418295991428
20020228,0.016699999570846558,-0.0012231486185422535,-0.018159939226770373,-0.041372511687245477,-0.017194864034971283,-0.04133492644488218,-0.0231509370871207,-0.00416590375023233,-0.002227411711336506,-0.05361772764683616,-0.02725524396417494
20020331,0.017699999809265135,0.015092094187509439,-0.008964479332556532,0.008687970972569911,0.043661430390929803,0.06801470588235294,0.028742360224437317,-0.018006027057826744,0.00451071387198586,0.07984483467013409,0.023651924864135046
20020430,0.016699999570846558,0.014413375503884699,0.006981439091350125,-0.0777447082614538,8.222222501036142e-05,-0.007475254692496209,-0.010438815126529182,0.022022112666981286,0.01170492544317252,-0.02007580753373206,-0.038518233056855984
20020531,0.017300000190734865,-0.0247179232263761,-0.027377766067307813,-0.0397245600827796,-0.023193053248992793,-0.042844391675625,-0.017178635359438334,-0.004976346885622444,0.010112964840720298,0.015542346076239298,-0.027473959116948856
20020630,0.017070000171661378,-0.02987600030270917,-0.04655261557785061,-0.04320987310059095,-0.0363169336301674,-0.06740896184097316,-0.03711788969380157,-0.014054979423868312,-0.02927495806181229,-0.04872802273947701,-0.019285417567626036
20020731,0.016720000505447388,-0.08399010891533742,-0.07615239759833298,-0.029655446146473457,-0.06088207108023259,-0.09349355126069948,-0.0683902537282153,-0.07804774617424756,-0.061809212183527834,-0.03649518920050157,-0.09644835501740015
20020831,0.015750000476837157,0.033110000585984255,0.048146829481092814,-0.014040869938261369,0.06869707089758546,0.05065289893588516,0.05137464699130801,0.036179800474290084,0.06328163296464563,0.0678225107385711,0.06393345477690231
20020930,0.01649999976158142,0.012114681071583007,0.006334081393294642,0.02953680320847718,-0.014259885825054013,-0.03379088705903205,-0.004597710567093985,0.00999307759936285,-0.004099368656193226,0.002930449003754079,-0.0033761441910702184
20021031,0.015460000038146973,0.02168876741994781,0.04115693403705754,0.053333315641983695,0.06753938083514986,-0.05372596059023746,0.043393526559227576,0.02805562374051705,0.03738664637056576,0.09876828822230559,0.01437091017006724
20021130,0.011970000267028809,-0.014375559143649217,0.017756137069248126,-0.0054098326709905034,-0.027149978596514832,-0.029903545812100366,-0.006903782173000818,-0.019290687266583246,-0.011764700564510615,-0.030022740163198263,-0.005983073782588463
20021231,0.01187000036239624,-0.037924062774350425,-0.01679697770962754,-0.033273240672996515,-0.01664423418134827,0.045191566008794835,-0.024938886560502974,-0.006183568982110507,-0.02377304404304678,-0.038980717243298026,-0.004989231256615348
20030131,0.011720000505447388,0.03581638390155361,-0.0005934979468745937,0.01230337915998617,0.027167743412060772,0.019600113073944485,0.020889488006419845,0.003602478462965976,0.01179003721282346,0.06121838809857547,-0.01785332272559009
20030228,0.011369999647140503,-0.0353001377063167,-0.02692842762570826,-0.007777433165584029,-0.04884488766905632,-0.04249467978761249,-0.030396177859738117,-0.018719574537390538,-0.020418645360914353,-0.0362975551680664,-0.011610904642153664
20030331,0.01097000002861023,-0.023967199699700355,0.001590282905353548,-0.03025355096051994,-0.017751757061998736,0.008488798688626962,-0.014575295024410434,-0.03011327307594204,-0.0348210551327754,-0.032338983240824445,0.008455461729788493
20030430,0.011469999551773071,-0.0019063790369250745,-0.032002541914615074,-0.04334494801622829,-0.004559958255703607,-0.009330112122267387,-0.012004310275977393,0.002741420236265373,-0.011348002908247544,-0.06353036841811527,-0.021371243373629195
20030531,0.010820000171661378,0.009464082522719642,0.00030508264331201296,-0.015557694573081614,-0.009659975560285762,0.005346543718092512,0.003580289860550604,0.012597201441752921,0.0037793600707332477,0.016729585599995937,0.005192088234054558
20030630,0.008330000042915344,0.003703546465913619,0.006540758325857785,-0.007060303138671139,0.0011771104421829251,0.006618419723837884,0.0008605081978761032,0.003659625913886997,-0.001230797400841346,-0.005932967628588517,0.011947607827749899
20030731,0.008659999966621399,0.018473958570670104,-0.0015358722612732114,-0.02787858735670408,0.019211929304188864,-0.0265843285736802,0.012620475081006104,-0.002062190321118765,-0.0009380344430216982,0.027694068692625685,-0.009801927825755686
20030831,0.009269999861717225,0.0002765119355476839,0.0032082251155423794,-0.00592521251514207,0.008660873440890261,0.002783652473390674,-0.0026118425698393737,0.013933956116294959,-0.00506423810206422,-0.04033709395957249,0.02928897025475846
20030930,0.009319999814033508,-0.024808857416642502,0.03009741332092673,-0.008982645219815793,-0.006327123130334537,0.008212599124221282,-0.002702209465573242,-0.006499336594825099,0.00800967442689501,-0.009670514369964875,-0.008043670140427837
20031031,0.008870000243186951,0.020625368107634354,-0.009637935582497342,-0.019000928903083598,0.013368079189436223,-0.00736274111894309,0.007972115553181752,0.0057613738155927255,0.011058513612437919,0.019194547265294733,0.009117468708934493
20031130,0.009319999814033508,0.008531557360964434,-0.016872718285128756,-0.036523016370224086,-0.0013166858392108021,-0.010293604666250187,0.0023793435800012453,0.006651362147899942,0.003665195679234635,0.020409494435958894,-0.010896527915905055
20031231,0.008769999742507934,0.016997407763042607,0.012560481128503971,-0.0004785896836831806,0.011059655563271877,0.005337115138708801,0.011907691614166275,0.003431866125382508,0.022480570011662895,0.004804150617237373,0.029093414775323914
20040131,0.008420000076293946,0.005783418128041645,-0.0007959033229462528,0.016988569278370037,0.005407084025445026,0.0005066933260550935,0.01207058775852173,-0.009420338646628083,-0.004918316513365361,0.03982781008802372,-0.0024937115336791365
20040229,0.00897000014781952,0.003405684904602,-0.006381121611976528,0.004077435631683011,0.011605847053601797,0.003261682618079987,0.002669019568466131,-0.0026039009178649747,0.016693748456853136,-0.00810632374364903,0.03507289808932103
20040331,0.009319999814033508,-0.030565112038218153,-0.040075484173117716,-0.03256816412372479,-0.029051253446507486,-0.022736432496804425,-0.03136943063293151,-0.02334680726593594,-0.04645123708636861,-0.030261791378493677,-0.021515683001972947
20040430,0.00912999987602234,-0.003269139521249407,-0.0021191228852423735,-0.006911896673039795,-0.0014070997113796947,-0.009297449294042004,-0.0021808463552636026,-0.001659571870844415,-0.015225006050851215,-0.008071956367600901,0.015102244786248682
20040531,0.010369999408721924,-0.029248738444641813,0.009939852642348932,-0.01101662609745347,-0.02083058505075182,-0.026755618741753952,-0.007766727424379357,-0.011025987589535099,-0.03921695496047114,0.014155477753996715,0.004238218186279268
20040630,0.012669999599456788,0.014402678631934382,2.7811857195270865e-05,0.031145659313809054,0.007848991739746304,-0.0016954641386438731,0.012445408198775055,0.00930749355873417,0.01379527630596529,0.023208073105827023,0.016348748046916602
20040731,0.01246999979019165,-0.018925884418004434,-0.014401050151386515,-0.01342404157376421,-0.017287335507885117,-0.00614463058950709,-0.01116951272861066,0.0019324785152567904,0.0006838282353238025,-0.025896144853968968,0.011041818851019325
20040831,0.014010000228881835,-0.005728949712420076,0.012708281453954372,0.013618485526263033,0.006087437742114001,0.00016200796416564322,0.0007801706324958048,0.02020980470912323,-0.0008413023664801594,-0.02955363302767392,0.0012857282993881279
20040930,0.016230000257492064,0.008369203225160257,-0.002350748879404333,0.008145651872832177,0.007242487504385183,0.0018106223659279392,0.009240087836518758,-0.010323543390883738,-0.007957603601177138,0.04280821805958635,0.006603482694106315
20041031,0.01656999945640564,-0.002923083888328444,-0.03509449142627424,0.012538980911194333,-0.00421391772180584,0.008020042800175079,-0.008272192091526735,-0.01345593200746466,-0.000703453604756935,-0.010949754341381634,0.022160336907602298
20041130,0.020360000133514404,0.016740582224217284,0.004139807582256246,0.025645063960314306,0.014104855432534705,0.030118719098186156,0.015435141807539098,0.01084665885852069,0.026491900845899332,0.018696307505620083,0.0034437236656267864
20041231,0.02200999975204468,0.002739295830732778,0.005838239025856344,-0.009344402367262741,-0.0003236770441629974,-0.0023413482821162232,-0.002661285818448637,0.0039004057761426857,-0.013914266396854214,-0.016320097367010396,-0.008858852173838413
20050131,0.022769999504089356,-0.0274650549650153,-0.013581401553341891,-0.020991530486019,-0.015301923277088712,-0.03029666920907967,-0.021230858147456767,0.0019832111473438575,-0.03276003385176838,-0.0325594928423752,-0.03336453147593718
20050228,0.0249399995803833,-0.0013707190888431718,0.003786776751311469,-0.022627744091427,0.0036457711846979166,-0.004462197591564596,0.0018869184276112704,-0.008205464654656752,0.00660536665567774,-0.0021816880051063656,0.026157601680638975
20050331,0.02691999912261963,-0.015995175582862835,-0.01663985609219739,-0.017736870211580692,-0.017782949918777293,-0.01865549417067275,-0.018034267625567004,-0.02183546248053274,-0.017192175811262436,-0.008583835597335472,-0.04727001653164013
20050430,0.027119998931884767,0.0008846576397235577,0.027056080771451725,0.014400157060472832,0.011492468126718624,0.005591497018347964,0.007170859087529154,0.010652804150432366,-0.001947001742753478,0.007699481618659953,-0.02157726395721617
20050531,0.02756999969482422,-0.011388980033298092,-0.00617979481565731,-0.012143688353263765,-0.019505747105537742,-0.023752787828425142,-0.014769221085405035,-0.01197079167337219,-0.06135036611075589,0.014358419447249623,-0.058883395500863404
20050630,0.029370000362396242,0.0019168103825981135,-0.0038453430513204034,0.005494929892273788,0.0029618351065902196,0.010038415027514756,0.0017474338106243485,0.001795215366600165,0.002910360833051709,-0.006639495547698803,0.023642784174795196
20050731,0.030950000286102296,0.01790663134487238,0.011582914472520882,0.00024721049077599394,0.011871810476866208,0.0024109755371681607,0.01458427782045145,0.007113034234722785,0.01856059612876985,0.02873638564234847,0.018192785651090122
20050831,0.03433000087738037,0.010023433403771006,0.005112209392012002,-0.010849355874896216,0.0012826439643315833,-0.006997706551404913,0.0032370399707051965,-0.0033132382856606037,0.00843118971706741,-0.015997847794196704,0.03771835667333857
20050930,0.03397000074386597,0.023179866667572383,0.024815570487307932,0.007783731829982511,0.013491257336179773,0.012983132328566302,0.019260735095740437,0.013311443911849848,0.019548385184051546,0.017707563372703627,0.03663110414121384
20051031,0.03532999992370606,-0.023673051899401134,-0.021167171350036054,-0.04152628246701919,-0.013637518264773793,-0.03872552442856759,-0.026782035148173948,-0.019253981200603423,-0.030913795684823647,-0.03212324335395458,-0.07164076406963804
20051130,0.03871999979019165,0.014208945138215353,0.01373866609663865,0.01128494213087676,0.03173333970538559,-0.010598828087552055,0.011949412263877326,0.014057403356588803,0.024241032849564845,0.011554458444886563,-0.03795497435462537
20051231,0.038420000076293946,-0.007970444534335762,-0.0005552809557271461,-0.010123258105928188,-0.006775801927580815,0.012001280146775846,-0.00451351782958228,-0.0075507584850885885,0.00156566938895149,-0.009460079510120347,0.006942063291375029
20060131,0.0421999979019165,0.006749322053412991,-0.0046888369478960985,0.005600650453251606,0.0018101609838459547,0.0005510092259945936,0.001680372057829489,-0.0014854574016300807,-0.02699642106332295,0.006209086063606916,0.019773380675138508
20060228,0.04425000190734863,0.0028621583557589697,-0.00045875182119367537,0.02573921763064445,0.010201689442666107,0.0028055624947321976,0.0023416856157653927,0.000962929544324082,-0.006878899732285344,0.01325789334283183,-0.044955883389136954
20060331,0.04489999771118164,-0.0037855844417655046,0.0017111318624877256,0.020916651500574784,0.0032392281799040255,-0.0230637716726651,-0.004513518649807852,0.022402807848801633,-0.011632695908378454,-0.01636805015874056,-0.045526904146817405
20060430,0.04561999797821045,0.007198325501132246,-0.02171806569636039,-0.009388613532599932,0.001097223580651863,-0.00837594379614101,-0.005664378035701219,-0.006597419080193014,0.014710309378704042,0.008893790560678677,0.016675725135520802
20060531,0.04706999778747559,-0.014173729109559377,-0.014054111342072266,-0.021423597741230222,-0.0277893232510984,-0.02876455294138721,-0.026037909785310717,-0.015088772869384601,-0.025199086102166278,-0.04670652396396229,-0.03181344393149386
20060630,0.04747000217437744,-0.024452173170887832,-0.013508231672219904,-0.009434690717135721,-0.015068396874556451,-0.0028049189869950456,-0.027838144640466567,-0.008781154731431226,-0.06572487983561803,-0.043423842007346274,-0.06099947073827968
20060731,0.04875,-0.01442668140099554,0.005760041631096619,-0.009523809523809525,0.002488964446891671,0.007509131285854777,-0.0036061901907782257,0.008100958428101166,-0.0082916196234252,-0.017621290458376127,0.005138583634461638
20060831,0.04934999942779541,-0.01436268799093644,-0.009615872645857048,-0.016213856634469642,-0.01927949864888551,-0.005398146519449642,-0.009825662101955438,0.00444498811024502,-0.014717284679783242,-0.00010066704462038591,0.0053341761123354104
20060930,0.048000001907348634,0.001107536903425649,-0.008598539434726373,-0.007936512265890889,-0.0021180364592940527,-0.013002558881868,-0.009168915433336871,-0.004028876982149131,-0.015142338350177665,-0.00983233392122281,-0.03723795057192547
20061031,0.049200000762939455,0.020059304288465474,-0.0050278668153909195,0.023484286530923344,0.007871685907998714,0.010906569697464931,0.011885208423953525,-0.0013065726550445303,0.02461258201714755,0.027059455595403663,0.020386051567463374
20061130,0.04954999923706055,0.019571144995334994,-0.018613176576724937,-0.00912649311409999,0.01812307415073082,0.009606369157130876,0.012189672604933742,0.0018349981087665728,0.012510380255306,0.027020033071758293,0.018391649726293854
20061231,0.04829999923706055,0.01614373615595597,-0.0007275566687038676,0.01842734457509086,0.018826277496713777,-0.0005390923389573725,0.009429515533817575,0.020537505948632937,0.02282912912846597,0.003940869304438231,-0.009389279458304964
20070131,0.04954999923706055,0.027146178687543914,0.016244916339570873,0.006433648558835397,0.012303287165364144,-0.00670918952301407,0.01523492510562028,0.015225389061340524,0.029396547585051367,0.027359027678816854,-0.009687045081719706
20070228,0.050149998664855956,-0.00412789512210937,-0.010329741639662313,-0.013082919173024257,-0.0043270457183138085,0.029345854517841555,-0.007090854827661743,-0.012724496586438106,-0.00048290361119326226,-0.004522264098800955,-0.0030092841124789572
20070331,0.04949999809265137,0.010977168931060129,0.00931450421051823,0.0005719743246649989,0.008917330981059445,0.0021830220429235143,0.011340110470593464,0.010506808531911922,0.021689951012822867,0.011074608528653197,0.026228666529442397
20070430,0.04869999885559082,0.0023514850745033956,0.023005651572000175,-0.008392702757085082,-0.0004988999145875734,-0.00048429105818704603,0.006289059844611191,0.0015494672647822917,0.01043374017445439,0.001939145754642013,0.020272157191442847
20070531,0.04715000152587891,-0.0037612543806414154,-0.012433549883860908,0.007729648254406906,0.0013656113689894604,0.001824899992495912,0.0001859955411339193,-0.009099625638151303,0.007802849677553902,0.008479111644861084,0.004706632086994829
20070630,0.04630000114440918,-0.022106024271449996,-0.024302527342055735,-0.010064316412245457,-0.020929124323120985,-0.053709163650255076,-0.01862289739238277,-0.016888971260002803,-0.024547132227857957,-0.009964041402619082,-0.014037714866206473
20070731,0.04820000171661377,-0.0019869583002478405,0.009232348986081223,-0.004540054601194534,0.0022548924247132937,0.023503215519781084,0.014420748099887352,0.012956446569471864,0.034571441961175106,0.019173856377745834,0.03946168611325713
20070831,0.04414999961853027,0.004179664451210302,0.008868332732387872,-0.02311020939947487,0.037572565119474516,0.03607603583752265,0.01437501746246677,0.02204639664358048,0.010898429047752659,0.004002413360952521,0.02896681871228067
20070930,0.03940000057220459,-0.03199916290833492,-0.006577643324581206,-0.02479680307006933,-0.025902845427310514,0.002705119470723341,-0.01384699221842732,-0.011346104453368186,-0.014847834710175842,-0.010754632881705879,0.010925788484127218
20071031,0.04079999923706055,-0.00516679837136493,-9.512463033007448e-05,-0.004678602925822344,-0.012759121780588994,0.011116446220736518,0.0033986540589588366,0.008922407154410346,0.010918356138697178,0.014206536424720273,0.02607042235526548
20071130,0.031700000762939454,-0.04716243842808996,-0.016097644378929722,-0.03351623507231798,-0.042240202061706165,-0.0005649753638699261,-0.034477743030886195,-0.0019261112244735156,-0.02321883510498111,-0.08866287667410715,-0.015221298703722793
20071231,0.030199999809265136,0.0028568244617229225,0.005652691899997676,0.015867252738295076,0.005362076662902724,0.03384728210990539,0.01691641100428846,0.0070882033646605,0.034395807271640336,0.02578638960000939,0.03531720852630908
20080131,0.03009999990463257,-0.019297080782370673,0.04829767625890861,-0.045310612543747054,0.00490421199955084,0.024603907871046313,-0.009228628889298839,0.00962689855845513,-0.017321506500543177,-0.030636652709827218,-0.029119166853813345
20080229,0.021600000858306885,-0.0443332845944662,-0.025411023380731625,-0.05495303195022095,-0.08592433628818318,-0.03162793984757497,-0.045930116237902475,-0.021423095579078854,-0.031740471758070134,-0.04958967897806193,-0.028512754904250048
20080331,0.01399999976158142,-0.03187456448936506,-0.031894481791127596,-0.01123437791327046,-0.05950865780216323,0.0009457370158389303,-0.027870237450140133,-0.005020908673220216,-0.032282182298230426,-0.012079992121302242,-0.03338977733294911
20080430,0.01159999966621399,-0.03639604927289604,-0.010197979572506243,-0.03403931378469284,-0.046126863676900845,-0.0004012329168944312,-0.029744692830562643,-0.015145884224527778,-0.020954856273666996,-0.029295080097742263,0.0007540873858513165
20080531,0.01649999976158142,-0.02937579506904859,-0.023743026822458005,-0.024448796025115058,-0.06320615358130377,-0.019439481099592617,-0.019119036540280212,-0.014165197274645018,0.018526124089569097,-0.009840928180602162,0.028102299730539827
20080630,0.019299999475479127,0.01255738710902416,-0.00860837412065774,-0.03702215277545093,-0.005530902327654326,0.021633992202719457,-0.0005878227138177089,0.006876470686739829,0.007117665286096343,-0.0014308811820783998,0.00435626708685869
20080731,0.015700000524520873,-0.04055039453760021,0.013143490078587639,-0.00678472625627635,-0.06340889353157671,0.0010229758913503422,-0.018536727949268087,0.004400365088198827,0.0047551235701435764,-0.011830964449911142,-0.04021010782687778
20080831,0.016649999618530274,0.07724341498411397,0.05130569967416326,0.023477089245639998,0.009959454527885152,0.010569560178218224,0.034350081057483606,0.04197767123791808,-0.020070761269485565,0.05969516463832989,-0.03988394338989754
20080930,0.014600000381469726,0.024453679549946053,0.016696989496154162,-0.0015600358517851686,-0.02517844989266797,0.02640855666946037,0.0017606652035814325,0.028974110114458933,0.02156286193815178,0.004468275083275622,0.006760262518627004
20081031,0.0020999999344348905,-0.18282724753776589,-0.18425382739275414,-0.1959767944156905,-0.22375724983141881,-0.20236707253215977,-0.18071000883974264,-0.15940289708607042,-0.15329872833884073,-0.14314221851098746,-0.2503431015297495
20081130,0.0028999999165534975,-0.07054076357162627,-0.01637517323339031,0.013552441563890936,-0.08085881158748606,-0.00648380028979951,-0.03889868927555697,-0.012259482187612856,-0.04213628122916891,-0.056367061645338626,-0.02066303163680858
20081231,9.999999776482581e-05,-0.007348962478598769,-0.001437903757409065,-0.012884476732977074,-0.057144572299687876,0.005199667023276317,-0.003376014126639839,-0.030063868284636724,0.05547497544508981,0.04438862014379098,0.08573991466418536
20090131,0.0006499999761581421,-0.042183683044019864,-0.03639874050089477,-0.07256594401061331,-0.09086138695589029,-0.023266502543988914,-0.04177923096765853,-0.04868914426936645,-0.011963108189872536,-0.02320675305234161,-0.039392749243798146
20090228,0.0028999999165534975,-0.05786062038317881,-0.023976100038279855,-0.060171877803183185,-0.10206253211818912,-0.056063089855266646,-0.0476826267443989,-0.03828283749159628,-0.0508017592983804,-0.031985731706811,-0.05890252427677089
20090331,0.001899999976158142,0.12099303931631801,0.09508153185651998,0.0734908250358942,0.3385124360347495,0.022029826968528912,0.11133141920812453,0.04566236758059652,0.11789838168207445,0.09786485053252929,0.06711282664726412
20090430,0.0017499999701976775,0.025938676222792778,0.012512624217693525,-0.022789196932448616,0.09423441485659592,-0.004058269172108043,0.020017859551763918,-0.0062293069321347596,0.0064045490207075536,0.011138690818894651,-0.011775059562925627
20090531,0.0016500000655651093,0.03488755076183876,0.055611030727484106,-0.01216981995780513,0.22999432064823808,0.030055115309882717,0.0568919339475516,0.026585427519674566,0.04632025050669045,-0.0173804215981335,0.08496201336328388
20090630,0.0016500000655651093,-0.006515498122113314,-0.0019490106809477207,0.019736241353942863,0.016564503173228228,0.03916262410960147,0.008623658910988423,-0.0091622323560181,0.014460306191312793,0.007941766937573006,0.023973564632604874
20090731,0.0016500000655651093,-0.01317661854779527,-0.0026728627651068136,-0.04314642473551096,-0.02748291199499794,-0.015316062203453728,-0.01693002596282211,-0.0034010646042101082,-0.029077086382375383,-0.017769872614767698,-0.03770136397334362
20090831,0.0017000000178813935,0.049593438521602425,-0.006787762762282076,-0.022236648930721945,0.11602237373980624,-0.0019711040256735106,0.020460110243220992,-0.008226228122783372,0.04393283098929069,0.009588363657291267,0.006898778803839648
20090930,0.0013500000536441803,0.029621372394412208,0.01308974135744459,0.032906746453410664,0.022309556604914186,0.0005484461077167822,0.023619030659820447,0.016717580076234206,0.019997726693073304,0.02593894569452446,0.04030314408252108
20091031,0.0006499999761581421,0.049528170361083736,0.02501527976202627,-0.02522115802086933,0.06695110368840732,0.02607075409397852,0.043452428573585326,0.02193233285844475,0.06593159959714132,0.04791941451185355,0.07543257809302349
20091130,0.0005499999970197678,0.03293968128247567,0.020035457746996468,0.016717888481535003,0.02390234438274768,0.012839809495443883,0.019742351296007314,0.01928904484106095,0.042415787138494906,0.032402119206845756,0.004152125100737361
20091231,0.00019999999552965163,0.019041798432577105,0.00787844758543601,0.0216465792670529,-0.016248165902587326,0.03635429529148049,0.000805064252762129,-0.002187425172505418,-0.004982184762295291,-0.0022631319334634778,-0.009591779123706814
20100131,0.00039999999105930326,0.019314254199250473,0.019684183255435802,-0.025645520386069726,0.05852901335685484,-0.011140006990512779,0.025453106311892824,0.0020780435639281545,0.05475202730132722,0.010304570721778483,0.050052304692828994
20100228,0.0009000000357627869,0.016284144233127355,0.0009228408136291657,0.00029161833864023825,-0.0038350974732944782,-0.00811346871386415,0.009385176965347937,0.015231627086363317,0.01679262914474406,0.014253088332885263,0.017542123115693586
20100331,0.0014000000059604645,0.013937884846252174,-0.004156455977791381,0.02497098179128171,0.020663355912305385,-0.005159404796173332,0.01018092548467564,-0.006477036133703695,0.0035454246147148035,0.019535738583435384,0.004811067926776164
20100430,0.0015000000596046448,0.027400472086744038,-0.006884553895305203,-0.0022895869073192437,0.028052051660792495,0.004650802030960168,0.013285740087605706,-0.003280550222748401,0.012673416641492949,0.018025709062080345,0.02373440565630971
20100531,0.0011999999731779098,-0.07594701355104254,-0.03889755630992607,-0.03713427519821473,-0.06610274003782501,-0.04482735238601327,-0.06537208605619457,-0.02961508948049539,-0.08517058400755342,-0.07618700313848939,-0.0786211517372276
20100630,0.0007000000029802323,0.023033508892507337,0.024120276966732523,0.04373094154229042,0.02648446245564187,0.0392572009242971,0.024168740703768864,0.013793885487272764,0.052511877027831506,0.008916841218032687,0.0513981744135639
20100731,0.0014499999582767487,0.04574250185076732,0.035592355688105794,0.018511316613185086,0.07375874637920118,0.057886006898244545,0.048507423255897894,0.040243894070971745,0.08030227292775442,0.05584176217033398,0.06160401179352951
20100831,0.0014499999582767487,-0.04047685452238553,-0.021822541541113686,0.005713328318355941,-0.049082270384966535,-0.012550176501134519,-0.0387870029695657,-0.012119314434589643,-0.03794575433070647,-0.056077122919349756,-0.03964423673041156
20100930,0.0013500000536441803,0.0006702869340674943,0.019742703902322037,0.015576061121197037,0.00015369014253627196,-0.0056475520396422115,0.006303349715289202,0.008706711545944792,0.0023233064413143165,-0.002892848938867908,0.004883730908165746
20101031,0.0011500000208616258,0.02619807175564464,0.008504534308801373,-0.014113259349742568,0.012501293846544016,0.007106784886370014,0.01763385984260162,0.004933050406009693,0.0323983820493887,0.015186612963214286,0.027921614744539226
20101130,0.00125,-0.012799635033087333,-0.017320407347807914,-0.020724509968129856,-0.040257845852414716,-0.025176955461524132,-0.019644574644972816,-0.012778689976341514,-0.021845473052683216,-0.03129249186275878,0.009545928981805193
20101231,0.0011500000208616258,0.002071642623251543,0.005878378941357856,0.020366598778004074,0.0377506344176098,-0.006281362155511854,0.013506360449086935,0.009147166245274476,0.0046765386851312235,0.014406694904653211,0.003509618489256213
20110131,0.0013500000536441803,0.003992801680557898,0.01595484221639036,-0.011496064112038431,0.011454073688788204,0.002447592560636307,0.011036724079374338,-0.01096905830277102,-0.006760966207841633,0.022172788261938064,0.00033549763736433154
20110228,0.0010999999940395355,0.034002817318498586,0.0002943460645628981,0.01572304734483682,0.029080171240855872,0.0029740458765815394,0.013187520791314522,0.007516870110457084,0.008161419996746013,0.005420130691278,-0.00423526599357248
20110331,0.0007000000029802323,-0.006277106247108058,-0.01383832939905349,0.011261273562705712,0.001935770343174026,0.015230258729615153,-0.01394092613302556,0.0033799265350921114,-0.030974901646405095,-0.027615478505755183,-0.04001588806849429
20110430,0.00035000000149011613,-0.005827047798100998,0.00179114404830401,-0.006463254367435684,-0.003012988189311368,-0.003740499163002845,-0.004041823698680144,0.0051179588282358555,0.0018385560330855925,-0.004145949898863484,-0.0008112437726672951
20110531,0.00019999999552965163,0.007515769334709119,0.016166012293348547,0.005890311464980327,-0.0212746345397182,0.017558378354062012,-0.0018131112738067631,0.020819240610570278,-0.01862135522569897,-0.003597288519113954,-0.014053134125425124
20110630,0.00035000000149011613,-0.02726684834545659,-0.011454879707637483,-0.018460896789707627,-0.02639300583667309,-0.007113319567069582,-0.02251859557086032,-0.012736894008249322,-0.012633050223517928,-0.03253910197997677,-0.023864233625318185
20110731,0.00019999999552965163,0.004627344468947922,-0.007953857039866011,-0.014990031163406173,-0.013400528851466522,-0.00563561031966508,0.0031428146785456175,0.005229519740531106,0.009549885702034343,0.010669580514540328,0.007417771748867004
20110831,4.999999888241291e-05,-0.01056438852430504,-0.006525623754554963,-0.01996057456724305,-0.04995020931669018,-0.009463129939429174,-0.016412390858048954,-0.010216960053044875,0.0025587488232914363,-0.00643774013374907,-0.022256859244361615
20110930,4.999999888241291e-05,-0.018962232712181178,-0.01443933968508256,-0.01642725667653899,-0.025633371487096802,-0.01690977308422243,-0.016814731830450604,-0.01306582868683552,-0.023892210375045776,-0.005002207866044765,-0.020678371972615992
20111031,4.999999888241291e-05,0.04217324853434659,0.006172977309040657,-0.010245061700796549,0.007671034156221262,-0.00966217200908933,0.02143722282988262,0.010270268280274575,0.06204278926525397,0.03363389073901778,0.0376024607041132
20111130,4.999999888241291e-05,0.012910573075457317,0.024583079522975986,0.010981985944545341,-0.004424245614550814,0.007955784551713332,0.00849020912703082,-0.028600579285395368,0.004493285004024019,0.0033893310501508594,0.0123071091537129
20111231,4.999999888241291e-05,0.006530358985819772,0.008537247684634541,0.004012841140634909,0.01674941611821305,0.0065601476124608855,0.008727576876792003,0.006780986868293116,-0.0007482750817904055,0.013454632877142785,0.0023548408092790452
20120131,0.00019999999552965163,0.0035383537784942328,0.006077759000489227,0.007998116455446583,0.025584201297715298,-0.007129963218538898,0.00881182172343994,-0.005118052108286318,0.032801086365260745,-0.0017597865264565992,-0.018316200748264466
20120229,0.0007999999821186065,0.002156310975286512,-0.009680628967336357,-0.0033160096810062657,-0.011897563032314309,-0.000848429787774308,-0.00124965165120281,0.0026308068245515697,-0.021693771441161136,0.012818502392028563,-0.0005705931843604666
20120331,0.0007999999821186065,0.01138440240373124,0.004868174691201135,0.008054641353495318,0.005201863567355883,0.004358432560375083,0.0009346076773484024,0.006839022441424147,-0.014010307748289444,0.001158103971172766,-0.0056457741745202135
20120430,0.0007999999821186065,-0.010504705354037937,-0.02536771464923121,-0.01260827095303933,-0.027680801916230218,-0.011111117804820556,-0.019456826617260267,-0.013102071125628308,-0.01065999336275418,-0.019967016789766066,-0.027103111001520568
20120531,0.0009000000357627869,-0.011209404082957343,0.0024074955277191535,0.020140137706206124,-0.016277019642623423,0.009927394870826238,-0.011250830276796983,-0.000883209114843269,-0.016511989314986753,-0.01283836075160511,-0.011662397364142143
20120630,0.0007999999821186065,0.03948967046764386,0.03041686265720215,0.0274749144424248,0.04712760316607441,0.03067449976004733,0.03705731380957074,0.025677779452647584,0.043836083982631446,0.0427890617102958,0.03927876156252145
20120731,0.0009000000357627869,-0.004073153674252966,0.012933143836822874,0.007354956810060908,0.01626482055929688,0.015190394928884953,0.0015649646875950394,0.010945803919631885,-0.012833818208303387,-0.01668264586918808,0.007297822105370959
20120831,0.000949999988079071,0.0034822354772348976,0.005048578392552854,0.0003897463793830113,0.0011512450142376158,-0.011618191618080321,0.01066105621566597,-0.00628149495646903,0.026572690325604963,0.01713945927101776,0.017688914176653393
20120930,0.0010000000149011613,0.0279851259946341,0.018851887384468028,0.016920009960065943,0.03603914574488046,0.006547699679529636,0.02231006868722215,0.005848229264131247,0.03563164767836645,0.02123655818310085,0.026464736849510936
20121031,0.0010000000149011613,-0.029539012793343623,-0.02138845267384267,-0.04350839531195297,-0.017696191386944518,-0.006266728377449651,-0.02213664357747813,-0.01730587661226775,-0.02359889431844636,-0.028244928881256917,-0.0151556345175984
20121130,0.0009000000357627869,-0.02055503244626464,-0.02056775103356342,-0.03606728461432626,-0.02793008045079448,-0.04165762159399075,-0.02416517692347802,-0.012737664948338428,-0.010504568146835796,-0.022327463701406414,-0.021147429394052265
20121231,0.0007999999821186065,-0.0037320232406408585,0.005874528703643203,-0.004809040346805695,0.01687141759194105,0.0025827705744758253,0.0012214443639935232,0.0027825019367700736,-0.01913833395692086,-0.013889213815060551,0.006563400019868859
20130131,0.0006300000101327896,0.003339049948619975,0.01956814897602918,-0.019771145400029402,0.0024338196684195916,-0.01017269381560929,0.003805109028127274,0.0030511809482639918,0.008306390541211562,0.005717336595089995,-0.00018158890290037832
20130228,0.0006499999761581421,0.008760455323056728,0.007738597083071605,-0.0011868953710879291,0.0009283674699574891,0.0007522804140616993,0.0031457203271181276,0.009381123396783387,-0.0018856618684177534,0.00991933986915223,0.0015734736197808112
20130331,0.0008699999749660492,0.03187526961032019,0.018477476620455346,0.017389693529285318,0.03365950593009392,0.00824043937833189,0.02172316137515725,0.009522841917336803,0.02798876579239594,0.02269350506689236,0.011136549985039722
20130430,0.0005499999970197678,0.031115932341471184,0.032383585812890116,0.025574018036531653,0.021899343368930686,0.017909587592139335,0.022913076752476717,0.023725258519319805,0.008031141169951682,0.018056460823341357,0.0075958256341035445
20130531,0.00035000000149011613,0.019342690087523356,0.007298662512467406,0.0019916822149325976,0.02001030916433741,-0.03019054536463243,0.011954860298529357,-0.00411813142659099,0.014399108586326273,0.007927570304640343,0.0031842711679513367
20130630,0.00039999999105930326,0.0055401469761975535,0.001003238245300772,0.01734692110378889,0.005618819478619919,-0.0004732221939042981,0.0071520332808457385,0.009580897008651112,-0.003949290997531633,-0.005126725275681747,0.00336499411198276
20130731,0.00029999999329447744,0.03101466997130965,0.031724136878967246,-0.001811778648982258,0.025758874861163166,0.04088034881959952,0.02814220512085798,0.03481370724196884,0.03255892855437638,0.023276773900887716,0.023103029609327697
20130831,0.00048000000417232515,-0.009778387078197573,-0.006467195596201115,-0.024623644868317866,-0.018555459144514633,-0.008393324859277773,-0.009713037819133737,-0.004490234616569237,0.008704398951618616,-0.006343006027030159,-0.009697259696559844
20130930,9.999999776482581e-05,0.025302008289078387,0.01943944722940923,0.025479784013273783,0.018544133233926004,0.005736607553722152,0.018794709905720325,0.022431197939786894,0.02520679239682148,0.008585825592392562,0.011646925808802494
20131031,0.0006300000101327896,0.0005818156452922078,0.003808846807156466,0.012123225194886823,0.01524373541863707,0.0291117486592831,0.009513040645799444,0.019252860338794937,0.0010452005076199958,0.01004748601382992,0.00847620254575832
20131130,0.0005200000107288361,-0.006142274675127177,-0.00030861197993625457,-0.023655397573430787,0.009900633292461578,-0.005691286151821068,0.004088670090551748,0.0024908508288109645,0.010487026595741735,0.007179380512546489,0.008878308814389418
20131231,0.0005999999865889549,-0.012581158362958585,-0.02895698566093266,-0.02140764141181073,-0.013648651255328706,-0.023698866746521628,-0.017102117315533055,-0.021382445833231876,-0.0076821430598119095,-0.019197232840607727,-0.015230534665613766
20140131,0.00032999999821186065,-0.0012144029158640906,0.025334606938252253,-0.02220199064662734,0.005992852470270548,0.02439926758453668,0.0054903025152622026,-0.001097243205222568,-0.003904916938784722,0.005070841484956744,-0.00037377580581149134
20140228,0.0007199999690055847,0.019134680961945486,0.004764075369258892,-0.024488487625229816,0.0107534031677252,-0.007291180086708165,0.00804404906559735,0.003315321117324649,0.014526134818964,0.009749079592493931,0.0043403177814776255
20140331,0.00045000001788139346,0.013062969883968536,0.004958174524779491,0.004408531509233306,0.03125962336653813,-0.0101555576000754,0.01095989877852809,0.009037474602779143,0.015696815309720873,0.011385623044959504,0.0034799051550759284
20140430,0.00029999999329447744,-0.03477206353276144,-0.03593167844712593,-0.011875761445708077,-0.03961031589361294,0.00569717951110444,-0.025875628461495086,-0.002656826864893019,-0.026775209062435093,-0.01737637273824337,-0.015448106129931216
20140531,0.00021999999880790712,-0.003367981271107736,0.002219293834759992,0.026686446542771955,-0.0025015912839933853,-0.005798042679312892,-0.0005160928613822378,0.010417338827797785,0.005010522178125532,-0.002948113328799567,0.0001458965135899307
20140630,0.00029999999329447744,-0.017625307424185995,-0.00806866428912957,-0.0021465770515865373,-0.008839138548054461,-0.012109235476996808,-0.0065726700339133965,-0.011835620981719377,-0.012084008851375755,-0.0015967808648268082,0.016639898917386178
20140731,0.00014999999664723872,-0.008771193154809063,-0.010795316008195046,0.005985452444169947,-0.014729032676245242,0.008009239479347511,-0.008391219048240112,0.003838437748531556,-0.008106132099629878,-0.0028194864113685342,-0.0165768946460069
20140831,0.00019999999552965163,0.00971115569933429,-0.00841443557156576,-0.02095898537162351,0.004874051183955751,-0.0005708255938019591,0.0025796320580710567,0.009644425736351188,0.008577045981604185,-0.004032945933908918,0.00767752204299825
20140930,9.999999776482581e-05,-0.011919815074598154,-0.005279467017856451,-0.026490503181257258,-0.003932232665615736,-0.03209700452665162,-0.010776368922035304,-0.010855616716894384,-0.018555158333825178,-0.00016538901662737837,-0.03653145536405883
20141031,4.999999888241291e-05,-0.03764476893236314,-0.02418706505563977,-0.028925353095190367,-0.0325803074517462,0.0077107680987463035,-0.03242623365675812,0.004246127723350011,-0.04676622770448444,-0.04351013152284064,-0.0513779491160152
20141130,0.00017999999225139617,-0.002553058679473589,-0.005375519363779811,0.0014300608776744862,0.010951123452877527,0.01461939847503185,0.006793189644869201,0.021041241053275244,0.0037091905644234453,0.006441811093723578,0.0015892649342971951
20141231,0.00014999999664723872,-0.021843672360675907,-0.02201256640409237,-0.05758157277207284,-0.028975558413685862,-0.0006034976818124742,-0.03494733510265581,-0.019044213874769858,-0.06103437438178129,-0.03130545043469604,-0.08017786497823137
20150131,0.00014999999664723872,-0.009284471084189398,0.02421911897827456,-0.011477076593247367,-0.024144501431052068,-0.0017390508819436227,-0.004687351826847959,0.01714503732042507,-0.0056572287044080035,-0.0006231145698514971,-0.03598589825968163
20150228,4.999999888241291e-05,0.02747480220792529,0.014917617386777878,0.0006897022168343787,0.012033372573306337,-0.0330162648819958,0.02119340440919542,0.010501257657413152,0.03047049939796281,0.043006722208012625,0.026225457426321416
20150331,0.00023000000044703483,-0.003567548658172143,0.004352022611368946,-0.005760513848857201,0.00405236472575451,0.001460220548168966,-0.00909643993545663,-0.01272904344347421,-0.012845247775848214,-0.023882938853079353,-0.02816319834423651
20150430,0.00014999999664723872,0.013936561123781123,0.02896109460900021,-0.006300197417630253,0.0012260349317528736,0.0019423583798052926,0.018010789684392035,0.009649095915750175,0.014907354127163822,0.01885123515630739,0.030944553451368966
20150531,3.0000000260770322e-05,0.0009391106708436207,0.009481924756442094,-0.0144700423917913,0.015924833230503276,-0.009785285163349774,0.0027817428630201044,0.007104790760885123,0.00587791279664449,-0.00227991966062034,-0.011475820490130219
20150630,4.999999888241291e-05,0.0008919189402132057,0.0010497625611643666,0.0016949789828574363,0.009937637233132665,-0.004828195522756635,0.0008459521191100584,0.008250594392542096,0.0037404522806719722,-0.00726896923359381,-0.009330651818963696
20150731,8.000000379979611e-05,0.005533804771002349,0.0050471160741532295,-0.0154442609993437,-0.00021091624905586476,0.01672332588862882,0.0012874785209335627,0.020517058623842326,-0.016424675709394314,-0.008417574134501586,-0.014699474383514564
20150831,0.0005499999970197678,-0.024586579212238502,-0.01716345631305789,-0.012589833086697698,-0.00126901393114307,0.008734588793917973,-0.012791660687348745,-0.002387502862503742,-0.016375814595264382,-0.011571882188015229,-0.03483905543693448
20150930,0.00023000000044703483,0.017234029969704336,0.026497860726558936,0.011353273949081115,0.019920442223504725,0.012136130054870256,0.017511544204298308,0.007971110469958027,0.015556253382511607,0.031333082633364165,-0.006958465508456468
20151031,3.0000000260770322e-05,0.021852224941861887,0.002318895011181464,0.024378170870384037,0.023341671152833907,0.010812797583993877,0.030987632567432928,0.03335365769643123,0.06560593091221038,0.03489960869553394,0.0776895187138396
20151130,0.0011299999803304672,-0.04276632920168179,-0.030934310135461458,-0.028921402437979693,-0.03372914903523076,0.0050992310286798286,-0.03506697517673924,-0.026006006824697954,-0.020503575463712318,-0.04605941093844586,-0.05968384832572624
20151231,0.0021299999952316285,-0.03998823308921738,-0.021816040038603747,-0.02574271987148075,-0.05368622214626801,-0.01755776144758351,-0.03733696083789983,-0.01981297412780737,-0.038359351744525726,-0.04078590918187543,-0.06498710308121035
20160131,0.001899999976158142,-0.05604562687400633,-0.055370128679144384,-0.029751228102961352,-0.0745034668889553,0.000867868486560584,-0.056996332380543635,-0.02629592384452634,-0.07465695152689221,-0.07013358229713094,-0.06839267964668642
20160229,0.0027000001072883606,-0.002110206523707486,-0.0004168146595332464,-0.011959399406213952,-0.023569002446706185,-0.024658405248357565,-0.004521537810289604,0.01011953364155529,-0.014975075935042744,-0.005513316508733561,-0.008116858116756418
20160331,0.0030799999833106993,0.007494749693939504,0.017176430344390856,0.012135802400098933,0.009919180707738298,0.021950301813602156,0.013065390307185001,0.007484401757470858,0.02183250370117879,0.011276604635018608,0.018949496777379816
20160430,0.0021799999475479127,-0.02087752355212266,0.008677600312893576,-0.023285579288593653,-0.02903515691266319,-0.019381413706667683,-0.012343280906984702,-0.004924805241649426,-0.009882077465793742,-0.019167394937148443,0.02199561135810718
20160531,0.0025799998641014097,-0.013877818495264987,-0.001238075886571487,-0.00023938577007718046,-0.010952922274127714,0.008394550977891444,-0.005317033956376127,-0.0006052583032439248,-0.0053179711953589845,-0.0004013594245834091,-0.005004209396690277
20160630,0.0023999999463558195,-0.009444264182775353,-0.007917342284658525,0.02787417075168022,-0.015492091953920957,0.007981937626784754,-0.002265775711795468,0.009531755466181572,0.0015732785568292609,-0.003160800205938929,0.013837463073119083
20160731,0.0027300000190734865,0.02427284780215616,0.020815807541616677,-0.011096048284998482,0.00753030866167551,0.0010502973972886416,0.01663437755824421,0.014187889144388208,0.015354294310243995,0.017311873173811783,-0.011227818155798945
20160831,0.002630000114440918,0.005002841452599576,-0.005707730806153763,0.0018399027657415652,-0.006153149908294401,-0.0013575599005994853,0.00013281636315481794,0.0076734183038652684,-0.009808088560143386,0.0010752481516169425,0.012291108483764081
20160930,0.003330000042915344,-0.030938959987376634,-0.017132223115483108,-0.02494221790731695,-0.022084368666021263,-0.027960064368144227,-0.024660707541231272,-0.03917864371742218,-0.03667041381401004,-0.02509666899207352,0.006550578405201273
20161031,0.003100000023841858,-0.0011508859493288808,-0.00012021209288152863,-0.03839842291856138,0.01521103662927355,-0.03640027510671322,-0.0048930096188467675,-0.015977958228355474,-0.018874228257803313,-0.0011475115299290923,-0.00013442162456861332
20161130,0.004580000042915344,0.027187946197973704,0.05289637083147785,-0.000972407756786872,0.11333786628963663,-0.04518846300379112,0.030400916223201326,-0.027587377623644077,0.027179769423902767,0.01411834765983773,0.02307476574668089
20161231,0.005199999809265137,0.029986950897337643,0.003717945274290797,0.03839561638265043,0.048220702738121915,0.028198388144351574,0.026755790137457176,0.02791101097830029,0.027239889513346317,0.04237773218220354,0.021893462984388556
20170131,0.005130000114440918,0.008266303424636409,-0.0007194659563549787,-0.010883938108249377,-0.001329385202060075,-0.007974207423293245,0.0004617387686071328,-0.006999269401434877,0.005034157162989492,0.007757424039031821,-0.01902897432105409
20170228,0.005230000019073486,0.01578857509723424,0.007285797379176304,0.002921046158951192,0.0025436878070349486,0.004581991059748033,0.00951063866692078,0.011371472287497198,0.002633952072166922,0.012310784588099918,-0.006728115502605883
20170331,0.0072500002384185795,0.0005657059492346636,0.005368811070602278,-0.0029296303120894904,-0.006530917999457738,-0.011310311663434578,-0.0011072118633249125,0.002734724464939794,-0.007873286737497705,0.005410329034969862,-0.02639411253821832
20170430,0.007979999780654907,-0.008734863823412013,-0.000395198809834306,-0.011032865729566344,-0.009782516810075364,0.0030010340822083027,-0.002878522386756296,0.00033780571308484784,0.0010624960392652879,-0.00582649625236027,0.006069911203889075
20170531,0.008550000190734864,-0.006529064405122999,-0.009560725616939863,-0.006374216006869681,-0.012668738573560554,-0.0026298831964305237,-0.00376677720410077,-0.0053605680800863946,-0.013842810613551403,0.011254253092816404,0.0038348851542472744
20170630,0.009800000190734863,-0.02059442201903901,0.0009963891654738513,0.0019420972815226594,0.03583837382897507,-0.011576463738823102,-0.002485841260278055,-0.009454673175308695,0.014900088923172716,-0.022354034806405312,0.02060120529929115
20170731,0.010080000162124634,-0.00945190215696293,-0.0026877092872048063,-0.02174904973099239,0.014673233768793151,-0.011798499048489527,-0.0025540786183474943,-0.010277468667694965,0.0024218297441972753,0.005625960206024479,-0.012470949361612322
20170831,0.010130000114440919,-0.01456109592287631,-0.010817810459417668,-0.01353453675694049,-0.02701481416384534,-0.0035535085041042825,-0.014460153956614019,0.0004237714212304093,-0.022768369720054794,-0.009741619670248438,-0.028731620425061936
20170930,0.010199999809265137,-0.009710235239532941,0.01761911790673063,-0.045054754957477745,-0.028422396498810065,0.0083113059720956,-0.003610891437650083,0.002361116844782491,-0.010128728802088658,-0.01064567808914012,0.013043681268884949
20171031,0.010499999523162842,-0.007656075641036018,-0.007146413736242181,-0.04640008134979843,-0.008576329331046312,0.012057149936497195,0.0006976704352608054,0.01297522230149056,0.007023876590793433,0.013179025440745826,0.0014291693135849955
20171130,0.012000000476837159,0.007539823752268863,-0.004992920726958491,-0.013429198328611072,-0.026528542063127162,0.004393837878120246,-0.001998060628156822,0.022329213382983347,-0.013256660057985634,1.8073877857394678e-05,0.010882764793764021
20171231,0.012530000209808349,-0.003537023118998546,-0.007522234759139622,0.0024732030161097357,0.015001875393157529,-0.011930747010272295,-0.002141337853792546,0.005798714681283577,0.0021059419218477115,0.0007634456751984116,-0.0069351644315566955
20180131,0.014099999666213989,0.03128891948061216,0.017989256897136496,-0.02104555055440983,0.02875482374243196,-0.021768262887428693,0.015886005097393834,-0.003951840998985814,0.006971379297513158,0.008787122160312246,0.03176358153666893
20180228,0.015249999761581421,-0.03832370437704744,-0.05248282620700976,-0.05723819530064492,-0.058003693979359845,-0.0273463666686063,-0.04432956854946238,-0.04708214487255748,-0.029227719291060425,-0.044338604821941054,-0.08461492599332178
20180331,0.016349999904632567,0.03316612095314343,0.037821653288697354,0.018169939533213757,0.043886819816436225,0.008877908652626864,0.0393538404436066,0.019418168501420453,0.044892927121458634,0.042892709245220935,0.020981595640154397
20180430,0.01718000054359436,-0.0014128851677920277,0.017296736850878118,-0.005615048725712742,0.010334664621016839,-0.014025673943245724,0.014947431284549423,-0.0007749906321979606,0.024452749939239096,0.03733954905860172,0.060164750786388596
20180531,0.018600000143051146,0.0043068912021494874,0.02318792242482361,0.009152122937197044,0.03599475379341299,-0.02234230772019636,0.01767681758988541,-0.005527691908373329,0.019245103200721453,0.034500510953425594,0.0375156035421539
20180630,0.018799999952316283,0.02768303940982066,0.01826474022414144,0.033601907501035165,0.02183512115088734,-0.03364758378023973,0.013626770722394184,0.020824308835255153,0.02588774023954559,0.006877444366057302,0.006501994131874732
20180731,0.01927999973297119,0.015669276887396492,0.014939102933681288,-0.015793295187537502,0.01138701952446605,-0.011901199171549363,0.00925556824119047,0.009635423687342019,-0.0017678117826564219,0.02317104548443352,0.007879704673022356
20180831,0.02,0.007199292670283473,-0.0011180836589655414,0.006946302105846087,-0.005659251401156513,-0.00636872356817566,-0.002468061243470335,-0.01910030283105787,-0.0013569994343903115,0.003320144138646558,-0.003380938911388601
20180930,0.020880000591278078,-0.012192975196297508,-0.003182521130030836,0.0007143360375842421,-0.0014702174010015685,0.007359975584132034,-0.008726399272944732,0.011698673101511571,-0.0038550511305588614,-0.029286997732996926,-0.02310169111227256
20181031,0.022179999351501466,-0.031605561974722134,-0.03454905721935334,-0.030899629816893568,-0.05571205034524293,-0.014843387282206445,-0.03836628822648683,-0.019457044259340094,-0.06404104040948996,-0.03821248135431737,-0.05399393793206442
20181130,0.022999999523162843,0.0215209312024118,0.03767283846002084,-0.0019350946546892063,0.026102428220378317,0.02728081170533953,0.020041260074582627,0.029299842105223538,0.01887461940060433,0.014051451192405242,0.009361469356328169
20181231,0.023399999141693117,-0.06441827556651279,-0.05004039225776812,-0.04110505563206219,-0.07079268776744606,0.017309192555640392,-0.05641280124529654,-0.03012200885449008,-0.0683913072376035,-0.05066900764370587,-0.03100204899789579
20190131,0.02369999885559082,0.030235186091062873,0.021981117486602496,0.020539911882108252,0.010408909307057517,0.012893079243219873,0.023919254054960693,0.009480620223495,0.019014770250103973,0.0335776194746076,0.033535542713012054
20190228,0.02365000009536743,-0.0025541560989291077,-0.008680310006252977,-0.0032845038036715115,-0.015204830436046817,0.024340665027888928,0.0005135406312752108,0.010255727045956958,-0.015117653332246225,0.01764657774372911,-0.03253797351926667
20190331,0.023929998874664307,-0.029231636511987763,-0.04241420968544873,-0.001353037752624153,-0.02694507748247264,0.004501654541394604,-0.025334282933396717,-0.009976133396785901,-0.008792034171044369,-0.021560946413848668,-0.03863707176636544
20190430,0.02375,0.007956090695675292,-0.024167869165112682,0.015523958874118893,0.020910763738009285,0.003943608780728712,0.006560572563977817,0.009506661283639448,0.00675283683082376,0.01155967088973648,-0.0016984835303870186
20190531,0.02369999885559082,-0.009772395226707484,-0.010014761816571781,-0.018632398770075057,-0.0225339200935299,-0.006901610799163497,-0.009450337155941936,0.0028983739740106812,-0.01895277113770037,-0.03564747686659358,-0.005985239911255269
20190630,0.022149999141693116,0.042505849304205465,0.04155226974585154,0.009268609798618281,0.041774111243288205,0.02633278937641577,0.04426993610710376,0.049322376628603316,0.08326552722961517,0.05966150268305431,0.0406359136375077
20190731,0.020899999141693115,0.021447900388864894,-0.014302979494900303,0.011853256982413189,0.00457434262415954,-0.0011367525510029618,0.011410276557299065,0.009027327374713283,-0.008182921567359537,0.01521552977706642,0.02152775766726047
20190831,0.019500000476837157,0.016992966094765888,0.010273612632399749,0.012693774095612247,-0.0014204555075432743,0.009760607284916093,0.007101220294520152,0.004287205101168198,0.010732328078475725,0.020441123146878504,-0.008934104122595897
20190930,0.01899999976158142,0.0009606171553854517,0.0017934891582694237,0.014662525774251877,0.038919809101297304,0.0030681677666605563,0.006344455574064984,-0.008754895190364952,0.031246516793189804,-0.0038548879715962106,0.03363033804043952
20191031,0.016230000257492064,0.013231689093660726,-4.809889696324681e-05,0.00766558157891827,0.007988202040063905,-0.012811123844052221,0.008844431051664712,-0.006870350156934099,0.021106134992885762,0.012521182573393005,0.010100053522426704
20191130,0.015099999904632568,-0.004570026669845727,-0.0005541341490353608,0.011717164671266234,0.024297746771620093,-0.03700513370086352,0.004586002210694751,-0.006179828038046043,0.013997533898240466,0.01651776022952412,0.0200521762963761
20191231,0.015230000019073486,0.01142233723147018,0.004740064771961717,-0.0067416507905146235,0.010048188239626084,0.0008769144691556446,0.008574519706530214,0.002344922488079548,0.0036950955186288484,0.01958600896553236,0.007855500930872889
20200131,0.014980000257492066,0.010896936851172644,0.018056216361765753,0.019780397162086932,-0.002056702608251116,0.007553140684748342,0.014856038943523013,0.006940865770077345,-0.001015241340177277,0.021668819627961362,-0.010680720216723569
20200229,0.015180000066757203,0.018954994360476297,0.03286513307189702,0.03303439436609845,0.03095953317621682,-0.008125607758707699,0.02844861676705578,0.01441680342501568,0.038710382118804385,0.044703690477223584,0.007645765180923432
20200331,0.0024300000071525575,-0.05435009104386174,-0.05282637710611615,-0.06700996007947252,-0.09826365848263659,-0.12513925833727865,-0.05337840447115053,-0.05048035906524055,-0.09532702808914034,-0.052004914686807034,-0.2427504952497779
20200430,0.0020999999344348905,0.09652406747112632,0.06564343138155464,0.09941604154498214,0.1912255997483318,0.13369007820248363,0.08204696024434137,0.027054990850657386,0.1516998363086758,0.1059309369815152,0.1324697335063009
20200531,0.000949999988079071,0.05805417868185764,0.017287678881064382,0.03714500881202079,0.01041580543369558,0.004262183918573356,0.040777844009178964,0.008380192775122934,0.04366511002912717,0.06640204679802456,0.08252534641340559
20200630,0.0015000000596046448,-0.03748730420855878,-0.05351021010473106,-0.027969723332279005,-0.09318056008432356,-0.04141976162114462,-0.04956682265608453,-0.03794347660066154,-0.07943119841115455,-0.02026160274514292,-0.11066204519833751
20200731,0.0011999999731779098,0.033712903433322956,-0.014704294349802872,0.04684949759245234,0.021532419700597577,-0.005351533073183479,0.009428610248723544,0.018350189080831615,-0.007075231375271611,0.026986050133538,-0.04635569225628005
20200831,0.0008799999952316285,0.015086147420120297,0.004116591282382236,0.02973549416060184,0.03262664534988917,0.011701355668508148,0.01916515705695117,0.014868115780732319,0.01679770324838661,0.029376147989395966,0.031239663767147142
20200930,0.001030000001192093,0.0052408265287239185,-0.008641360167365898,-0.03343114072645258,-0.02356815220104606,-0.008435297706394293,-0.009166967147000772,-0.009974104803078948,0.02022145172040965,-0.043639024181280635,-0.06430548948285414
20201031,0.0009300000220537186,0.032285474936370774,0.03486318949721555,0.022397312718438655,0.03742573048808787,0.04358095575869232,0.032628768233493116,0.02349595792460503,0.042625886439258576,0.04584943731649672,0.05014605036655032
20201130,0.0008299999684095383,-0.020652541163422643,0.0031815429793951586,0.007944051298046914,0.0827879299947834,-0.006410077022537834,0.0005888472521233797,0.017221606402454598,-0.012491123009472476,-0.00395287929413506,0.16456217823854322
20201231,0.0006499999761581421,-0.008835268853554814,-0.0076575795801858216,0.001040751716467001,-0.017643998408674023,-0.0007632549055918516,-0.008463411317349578,-0.0020083724810463924,-0.01280144373676492,-0.014300516511996845,0.01135539187193215
20210131,0.0007999999821186065,0.03274946868506533,0.03319574998407963,-0.002703635768191544,0.04651020104651966,-0.005989161958472324,0.01595645299371725,-0.008427719561489277,0.046685460082165973,0.0043163177139722685,0.09310121886863769
20210228,0.00035000000149011613,-0.0173476603736937,0.01298538819060324,0.013308921526485582,0.019953539994997566,-0.01955519570940026,0.010851384112028255,-0.0037623546252467865,0.0017157546781052058,0.022963493599190064,0.0432575019210107
20210331,0.0002500000037252903,0.052542889256637734,0.013362793235437554,0.007066874036778092,0.03172040625859729,0.04106050799739499,0.025738855339186736,0.020064281482123095,0.04167374377255031,0.018565505211026248,0.010793359275403397
20210430,3.0000000260770322e-05,0.028701164244082984,0.012647457743181094,0.03173628213288881,0.019041197161343653,0.010333287544022305,0.023388590399578434,0.012398974487173758,-0.0012517622329696696,0.04662124409005065,-0.04045188616897292
20210531,8.000000379979611e-05,-0.015614385095841564,0.021380688472219717,0.0010871628521370838,0.04204458350738732,-0.012491133054086348,0.009689959727087683,0.014539944253681707,0.05008947391661031,-0.0050067828180289575,0.08893968581841762
20210630,0.00017999999225139617,0.017550380257642568,0.018940171785809586,0.008191318485320644,-0.023833809811103487,0.009460209821041505,0.0042796508024763764,-0.007409419194480826,-0.01984019524152023,0.013792786674409524,-0.005723229164075223
20210731,0.00043000001460313797,0.011948332215626753,0.0046033033260890035,-0.004347229561024948,-0.006318505767313794,0.009680374786627824,0.003004697361474911,0.0056745182375510335,0.0016910487481336654,0.008783744380243973,-0.034097446219150784
20210831,0.00045000001788139346,6.227689218872856e-05,0.00493715602040125,0.007481650272362794,0.018789870027061995,0.013846781371502841,0.006811975459679885,0.01830449683312214,0.028327114014038746,0.0007210215174948072,-0.008150906686627317
20210930,0.0003799999877810478,-0.003992577241253466,-0.026205750019931084,-0.012030483738270972,-0.013111796528470186,-0.013632298360663727,-0.016933488852509213,-0.010416563610121722,-0.01486102751723559,-0.017781859419459232,-0.01783552310456053
20211031,0.00039999999105930326,0.006609630418624884,-0.001221436222173878,-0.0013195460385764743,0.022614866073064628,0.015299643473658904,0.00977272135258775,0.014552845306683734,0.00904916126813949,0.002626295352234172,0.05017848312995993
20211130,0.00043000001460313797,-0.022404754638495637,0.006153010967680969,-0.004837755402229462,0.0026321331386406728,-0.011712345188204694,-0.003962557086256603,-0.002305240095676469,0.01619573203732369,0.001599839574673018,-0.01674206763910492
20211231,0.0005000000074505806,0.02285265584156296,0.032708986585867905,0.029422060888144724,0.02636250685460956,0.018723701641192036,0.03597990008010682,0.02984413618657952,0.024306639202713105,0.059798362857487325,0.03691482040389053
20220131,0.0008799999952316285,-0.04304121625540398,-0.04519120178241445,-0.026843214066289135,0.05364284704920211,-0.015678673857359885,-0.021161026815746477,0.009865477833468719,-0.015145674039480899,-0.04694232729474573,0.10606991856396289
20220228,0.0033799999952316283,-0.025726992626956727,-0.015184164857868616,-0.03857659445686766,-0.00019509121201102402,-0.021805381389842973,-0.019333044061754425,-0.012757945148684115,0.010198647467838646,-0.029103757608596764,0.01750882480407361
20220331,0.0036500000953674314,-0.029027815229674552,-0.02591855768952542,-0.031405805500957854,-0.02222948427296079,-0.009054185511840854,-0.02835669750644232,-0.05298506049176515,-0.015028243789685756,-0.038060745793999484,0.01884837100154706
20220430,0.006679999828338623,-0.03233093587876151,0.034382449000893274,-0.02715352907672069,-0.009775773723966506,0.02380514912294232,-0.013124630740254469,0.029938312730821377,-0.009505557735002562,-0.040659366041032076,0.03206734968134094
20220531,0.009430000185966491,-0.0141733407161157,-0.009426785148581933,-0.0015989972338537268,-0.035824436912635246,-0.007058824712768206,-0.014059380212171145,0.008576683753409616,-0.009923712763757447,-0.03501549559214229,-0.029130054960870407
20220630,0.01287999987602234,-0.07656278331754335,-0.03399037761761217,-0.04135492500883169,-0.06775470547542871,-0.044688969981321186,-0.056560080312643965,-0.031568624975875315,-0.06403711845764327,-0.06384753760200432,-0.00917380237224999
20220731,0.01843000054359436,0.06210071198182266,0.007980368928424941,0.04917511369545822,0.005255795781888155,-0.02487217104740063,0.028152056859650283,0.000409551294182896,0.005736294550961162,0.04319048687457931,-0.023876522381651163
20220831,0.025,0.022279360581605432,0.0164268655302683,0.04481755371028918,0.054508443053334694,0.022764938991749726,0.0298897530296328,0.008338991863890512,0.04131271705789802,0.024426783064694507,0.07137736964167282
20220930,0.029679999351501465,0.052246414498358366,0.04350936924151073,0.028537072342860622,0.043796432614053186,0.031058845225718477,0.034717384249662676,0.018831908944907844,0.04505948832629455,0.032422536558246486,0.005998002671729962
20221031,0.03292999982833862,-0.0103096060707141,0.013008718925093461,0.01469048184377339,0.018378552760516007,-0.04348725706928822,0.008277480225940555,-0.009391224963211311,0.007330888203075495,0.01638090372817865,0.13859131574526107
20221130,0.04063000202178955,0.052728139946185915,0.01779699509375587,0.09233489706375966,0.05714336793097302,0.01606919617015081,0.05613230660267337,0.022209998698987713,0.0710317311279616,0.10029542718059331,0.01998608169924298
20221231,0.04172999858856201,-0.032295100173370145,-0.012901463457989154,-0.05393258683815828,-0.03900527329568426,0.004379923912124253,-0.02903246680710106,-0.00844331138603558,-0.027335050215109066,-0.0333895605588938,-0.08400762584170916
20230131,0.0448799991607666,0.04569979856278616,-0.0018830721135162647,0.040663206124124336,0.020263946242864216,0.006969926134782413,0.02257071866982622,-0.013050695118945797,0.03522211453994298,0.04599279150071346,0.026563615728778946
20230228,0.04635000228881836,-0.019164028121449465,-0.001959430992165513,-0.06590497138551149,-0.003812666103892769,-0.0006686949022061431,-0.007066238593679013,-0.004554993178264414,-0.01003502768422555,-0.011008899952321332,0.05030725057258376
20230331,0.048029999732971194,-0.057071688378204824,-0.03951914045711165,-0.041062787232640126,-0.08503468643181446,-0.028151285182038424,-0.04773185187093909,-0.01684642218060033,-0.07130699099368533,-0.03064917930247309,-0.053469756358272974
20230430,0.04710000038146973,-0.02038002297876386,0.03084599907885487,0.023338386932555563,-0.006482647489836977,0.03661708024752245,0.0006873931267352957,0.008181208445460213,-0.014792548037277439,-0.011455176125807664,0.030303968332858755
20230531,0.050279998779296876,0.003317250082048751,-0.01155575287131545,0.043393033218355075,-0.013486422225145405,-0.001257796673128672,-0.003118193079166979,0.0018824062203710288,-0.02390930430685883,-0.0033196745182263857,-0.02156687520385435
20230630,0.050949997901916504,0.024319508067734447,-0.0007716043170553055,-0.004219578624474028,0.010549319786267577,0.0166621776523406,0.0037052685245185465,-0.004280657694589543,0.004784333188008586,-0.00659029537272326,0.017054167916130427
20230731,0.052129998207092285,-0.01380198016925883,-0.028722333825596837,-0.0031932730264679398,-0.004597950708489055,0.002626333998307701,-0.0115784781377272,-0.008788770279013591,-0.019722105500569,-0.014573007486549616,-0.006671327796553133
20230831,0.05264999866485596,-0.013785300368484627,0.024568730014658195,0.0032570191925920156,-0.000224138613211256,0.004695408165224422,-0.00612930704977934,-0.0002292684757944172,-0.014053530786467807,-0.02870694734923168,0.03536437908887609
20230930,0.05293000221252441,-0.0025190696547240953,-0.011243093136597545,-0.00039389154225101205,-0.01089926350822007,0.010554632558686609,-0.01165612509274243,-0.004846205570706413,-0.022212858195811792,-0.02342874678416264,0.013856081013201758
20231031,0.053280000686645505,0.005629851526464645,0.0009767042659677534,-0.0021398553710183232,0.004805618754245496,0.03728722722902529,0.00903697475145758,0.004354591759628203,-0.00010233087762119856,0.0015679653816750964,0.045143844160222706
20231130,0.0525,0.005164760091561597,-0.011778085133027433,0.02145088817941535,0.00039100766960730463,-0.02789002763808415,0.011678978297778312,0.002395064292370576,-0.018489048541574564,0.04617757236036217,-0.04315610661911665
20231231,0.052329998016357425,0.019581163947282727,0.0045265731057246945,0.028316561725057057,0.0038053349791638187,0.004494994668321233,0.008763531215266003,-0.009212857048006957,-0.00877709994953768,0.018364709898664303,-0.027692404966380528
20240131,0.05197999954223633,0.012513969838397568,0.008553702150269033,0.029806741793168817,-0.005441500254822991,-0.016598882996765863,0.017035499603557623,0.010665078812154316,-0.006717483227022417,0.042990972823256285,-0.006525920698253263
20240229,0.051999998092651364,0.015006073267062336,0.011227731844043406,-0.0013433732561655128,0.0017235261605227782,0.02208443465124581,0.009273618451933308,0.01935111580534027,0.003541866253784044,0.009002410899122543,-0.00581209116747716